"platform","average_revenue_per_trip"
android,19.986558185879964
ios,19.99141188836569
web,20.050204110762213
ALL,19.995803045694895
