"platform","total_revenue"
android,1243623.610000009
ios,2586628.8099999717
web,421415.1900000002
ALL,4251667.610000014
